{"reports": {"exclude_contracts": ["SafeMath", "MockV3Aggregator", "DappToken", "MockERC20"]}, "dependencies": ["smartcontractkit/chainlink-brownie-contracts@0.2.2", "OpenZeppelin/openzeppelin-contracts@4.3.2"], "compiler": {"solc": {"remappings": ["@chainlink=smartcontractkit/chainlink-brownie-contracts@0.2.2", "@openzeppelin=OpenZeppelin/openzeppelin-contracts@4.3.2"]}}, "autofetch_sources": true, "dotenv": ".env", "networks": {"development": {"verify": false}, "rinkeby": {"link_token": "0x01BE23585060835E02B77ef475b0Cc51aA1e0709", "eth_usd_price_feed": "0x8A753747A1Fa494EC906cE90E9f37563A8AF630e", "dai_usd_price_feed": "0x2bA49Aaa16E6afD2a993473cfB70Fa8559B523cF", "verify": true}, "kovan": {"weth_token": "0xd0a1e359811322d97991e03f863a0c30c2cf029c", "fau_token": "0xFab46E002BbF0b4509813474841E0716E6730136", "eth_usd_price_feed": "0x9326BFA02ADD2366b30bacB125260Af641031331", "dai_usd_price_feed": "0x777A68032a88E5A84678A77Af2CD65A7b3c0775a", "verify": true}}, "wallets": {"from_key": "${PRIVATE_KEY}", "from_mnemonic": "${MNEMONIC}"}}